<?xml version="1.0" encoding="UTF-8" standalone="yes"?>
<addon 	id="blackpanther.repo" name="[B][COLOR lime]  Black Panther [COLOR blue]Repositorio [/B][/COLOR]"
		version="1.00"
		provider-name="[B][COLOR blue]Vikings TEAM[/B][/COLOR]">

	<requires>
            <import addon="xbmc.python" version="2.1.0"/>
		    <import addon="script.module.addon.common" optional="true" />
		    <import addon="script.module.t0mm0.common" optional="true" />
		    <import addon="script.module.urlresolver" optional="true" />
			
    </requires>
	
	<extension point="xbmc.addon.repository" name="blackpanther.repo">
	

			<info compressed="true">https://github.com/blackpanther91/blackpanther.repo/raw/master/addons.xml</info>
			<checksum>https://github.com/blackpanther91/blackpanther.repo/raw/master/addons.xml.md5</checksum>
			<datadir zip="true">https://github.com/blackpanther91/blackpanther.repo/raw/master</datadir>
	
	</extension>
	
		
	<extension point="xbmc.addon.metadata">
	
	<news></news>
		
	<summary></summary>
		
	<description></description>
		
<disclaimer></disclaimer>
		<platform>all</platform>
	</extension>
</addon>
